p31_qid,count,example_title
Q172754,76,Expo 58
Q57305,36,Q1587999
Q1129398,19,San Diego Comic-Con International
Q15275719,7,Lucca Comics & Games
Q11483816,7,Mannheim May Market
Q464980,5,Great Industrial Exposition of Berlin
Q1656682,4,Electronic Entertainment Expo 2010
Q2020153,3,Asilomar Conference on Recombinant DNA
Q1070669,3,Singapore Airshow
Q43229,3,Paris Games Week
Q1958056,3,New York Comic Con
Q1415084,3,Q113620696
Q288514,2,Paris Games Week
Q154012,2,Expo '90
Q29023906,2,Louisiana Purchase Exposition
Q163740,1,San Diego Comic-Con International
Q1156329,1,Techno-Classica
Q54872349,1,Brunei Darussalam International Defence Exhibition
Q998672,1,London Book Fair
Q2948561,1,Expo Silesia
Q6881511,1,Expo Silesia
Q3070220,1,Etna Comics
Q27968055,1,Q125999605
Q667276,1,Exposition Universelle of 1900
Q3062234,1,Internationale Koloniale en Uitvoerhandel Tentoonstelling
Q172754,44,Q123117301
Q57305,43,Electronic Entertainment Expo 2009
Q11483816,7,Paris Games Week
Q483279,7,Wikimania 2008
Q27968055,7,Wikimania 2008
Q2020153,7,I Congrés d'Història del País Valencià
Q667276,6,Citadel of Pamplona
Q15275719,5,Australian International Airshow
Q1792535,4,London Original Print Fair
Q1070669,3,Singapore Airshow
Q288514,3,Paris Games Week
Q464980,3,Great Industrial Exhibition
Q43229,2,Paris Games Week
Q18674739,2,Landako Gunea
Q3062234,2,Internationale Koloniale en Uitvoerhandel Tentoonstelling
Q1156329,1,Techno-Classica
Q1656682,1,Jakarta Fair
Q998672,1,London Book Fair
Q1958056,1,New York Comic Con
Q2948561,1,Expo Silesia
Q6881511,1,Expo Silesia
Q1378975,1,Messe Sindelfingen
Q15116915,1,Viva Technology
Q12797,1,Citadel of Pamplona
Q22746,1,Citadel of Pamplona
Q88291,1,Citadel of Pamplona
Q4989906,1,Citadel of Pamplona
Q1264834,1,Auer Dult
Q15900616,1,NordArt
Q29023906,1,Internationale Koloniale en Uitvoerhandel Tentoonstelling
Q154012,1,Expo 2016
Q5853503,1,International Exhibition on Urbanism and Housing
Q14204246,1,Wikimania 2017
Q1143604,1,I Seminário Docomomo Norte-Nordeste
Q277759,1,ETH Lectures
Q625994,1,ETH Lectures
Q64728935,1,Expo 2027
Q200538,1,"Fair of Jerez, Province of Cádiz"
Q63283672,1,"Fair of Jerez, Province of Cádiz"
Q5953202,1,Wikimania 2024
Q57305,37,New Energy Husum
Q667276,25,Q66438649
Q172754,14,Melbourne International Exhibition
Q16034435,12,Q130225253
Q464980,7,Q127791264
Q15275719,6,Langkawi International Maritime and Aerospace Exhibition
Q29023906,5,Q127791264
Q7623004,5,Fountains Square Christmas Market
Q483279,4,Wikimania 2008
Q27968055,4,Wikimania 2008
Q11483816,4,Ideal Home Show
Q1792535,4,London Original Print Fair
Q22030032,3,Charles V Renaissance Market
Q66317493,3,Visit by Israel's Chief Rabbi Kalman Ber to the Chabad Lubavitch Jewish Centre of Lower Saxony at Haus Benjamin in Hanover
Q112522301,3,Great Dorset Steam Fair
Q131087460,3,Bristol International Kite Festival
Q18674739,2,Landako Gunea
Q132241,2,Charles V Renaissance Market
Q10432777,2,Bygge och Bo 1925
Q200538,2,Visit by Israel's Chief Rabbi Kalman Ber to the Chabad Lubavitch Jewish Centre of Lower Saxony at Haus Benjamin in Hanover
Q54872349,2,Brunei Darussalam International Defence Exhibition
Q30110959,2,Fête de l'Humanité
Q16023945,2,Q16915963
Q2020153,2,QCMC 2016
Q41176,2,Q66438649
Q272281,2,Coal law protest at Platz der Republik 2020-07-03
Q182683,2,Biennial of Monza
Q389581,2,Biennial of Monza
Q1007870,2,British Institution
Q2948561,1,Expo Silesia
Q6881511,1,Expo Silesia
Q1070669,1,Langkawi International Maritime and Aerospace Exhibition
Q570116,1,Charles V Renaissance Market
Q378427,1,SGDL Grand Prize for Poetry
Q59309547,1,SGDL Grand Prize for Poetry
Q1656682,1,Q137882977
Q106227544,1,Q137882977
Q1264834,1,Auer Dult
Q123705,1,Bo01
Q11921906,1,"Gràcia Festival, Mahon"
Q1378975,1,Messe Sindelfingen
Q112298281,1,Niigata Sake-no-jin
Q43229,1,Madrid Games Week
Q15116915,1,Viva Technology
Q57821,1,Q66438649
Q60716473,1,Coal law protest at Platz der Republik 2020-07-03
Q625994,1,Super Conference
Q124735769,1,International Cargo Bike Festival Berlin 2018
Q15893266,1,Q111364526
Q3329412,1,National Museum of Archaeology
Q59861107,1,Biennial of Monza
Q33506,1,House of photography
Q22698,1,Arte Sella
Q614316,1,Arte Sella
Q756102,1,Arte Sella
Q108860593,1,Arte Sella
Q99538912,1,3rd Venice Biennale
Q2190251,1,Craft in the Bay
Q39919471,1,Craft in the Bay
Q4801521,1,Echigo-Tsumari Art Triennial
Q124216082,1,Exhibition of National Portraits
Q154012,1,Expo 2016
Q667276,95,China/Avant-Garde Exhibition
Q29023906,16,Q127790823
Q57305,11,Q111364526
Q464980,6,Q127790823
Q220505,6,CON-CAN Movie Festival
Q59861107,5,"L'invention du passé. « Gothique, mon amour », 1802-1830"
Q1415084,3,Q113620696
Q15275719,3,Q113620696
Q378427,3,SGDL Grand Prize for Poetry
Q49836,3,"wedding of Guillaume, Hereditary Grand Duke of Luxembourg, and Countess Stéphanie de Lannoy"
Q38033430,2,Premio Biblioteca Breve
Q116620926,2,Premio Biblioteca Breve
Q182683,2,Taipei Biennial
Q15893266,1,Q111364526
Q1958056,1,Conine
Q1656682,1,Q113620696
Q27968055,1,Q125999605
Q59309547,1,SGDL Grand Prize for Poetry
Q3918368,1,Expo Prado
Q11483816,1,Expo Prado
Q136668430,1,Premio Biblioteca Breve
Q1007870,1,Chihuly Garden and Glass
Q2190251,1,Craft in the Bay
Q39919471,1,Craft in the Bay
Q389581,1,Echigo-Tsumari Art Triennial
Q4801521,1,Echigo-Tsumari Art Triennial
Q124216082,1,Exhibition of National Portraits
Q55336815,1,Royal Academy Summer Exhibition
Q29642990,1,Savage Beauty
Q189819,1,Q11532640
Q107357104,1,Q11532640
Q618779,1,Artes Mundi
Q163740,1,The Real Estate Show
Q47114558,1,Q55349143
Q132241,1,Manifesta 11
Q780605,1,"Von Anker bis Zünd, die Kunst im jungen Bundesstaat 1848-1900"
Q200538,1,"Fair of Jerez, Province of Cádiz"
Q288514,1,"Fair of Jerez, Province of Cádiz"
Q63283672,1,"Fair of Jerez, Province of Cádiz"
Q172754,76,Expo 58
Q57305,36,Q1587999
Q1129398,19,San Diego Comic-Con International
Q15275719,7,Lucca Comics & Games
Q11483816,7,Mannheim May Market
Q464980,5,Great Industrial Exposition of Berlin
Q1656682,4,Electronic Entertainment Expo 2010
Q2020153,3,Asilomar Conference on Recombinant DNA
Q1070669,3,Singapore Airshow
Q43229,3,Paris Games Week
Q1958056,3,New York Comic Con
Q1415084,3,Q113620696
Q288514,2,Paris Games Week
Q154012,2,Expo '90
Q29023906,2,Louisiana Purchase Exposition
Q163740,1,San Diego Comic-Con International
Q1156329,1,Techno-Classica
Q54872349,1,Brunei Darussalam International Defence Exhibition
Q998672,1,London Book Fair
Q2948561,1,Expo Silesia
Q6881511,1,Expo Silesia
Q3070220,1,Etna Comics
Q27968055,1,Q125999605
Q667276,1,Exposition Universelle of 1900
Q3062234,1,Internationale Koloniale en Uitvoerhandel Tentoonstelling
Q172754,76,Expo 58
Q57305,36,Q1587999
Q1129398,19,San Diego Comic-Con International
Q15275719,7,Lucca Comics & Games
Q11483816,7,Mannheim May Market
Q464980,5,Great Industrial Exposition of Berlin
Q1656682,4,Electronic Entertainment Expo 2010
Q2020153,3,Asilomar Conference on Recombinant DNA
Q1070669,3,Singapore Airshow
Q43229,3,Paris Games Week
Q1958056,3,New York Comic Con
Q1415084,3,Q113620696
Q288514,2,Paris Games Week
Q154012,2,Expo '90
Q29023906,2,Louisiana Purchase Exposition
Q163740,1,San Diego Comic-Con International
Q1156329,1,Techno-Classica
Q54872349,1,Brunei Darussalam International Defence Exhibition
Q998672,1,London Book Fair
Q2948561,1,Expo Silesia
Q6881511,1,Expo Silesia
Q3070220,1,Etna Comics
Q27968055,1,Q125999605
Q667276,1,Exposition Universelle of 1900
Q3062234,1,Internationale Koloniale en Uitvoerhandel Tentoonstelling
Q57305,81,Paris Photo
Q1129398,19,San Diego Comic-Con International
Q15275719,13,Gamescom
Q11483816,9,E3
Q1070669,6,Dubai Airshow
Q43229,3,Consumer Electronics Show
Q1656682,3,Jakarta Fair
Q2020153,3,Asilomar Conference on Recombinant DNA
Q1958056,3,New York Comic Con
Q1415084,3,Q113620696
Q1472127,3,Sechseläuten
Q11906196,3,Aplec Excursionista dels Països Catalans
Q59861107,2,Paris Photo
Q1378975,2,Münchenbryggeriet
Q1156329,2,Geneva International Motor Show
Q27410,2,Henry’s Show Center
Q288514,2,Paris Games Week
Q30110959,2,Fête de l'Humanité
Q131087460,2,Bristol International Kite Festival
Q3010205,2,Q6124633
Q16034435,2,Voiles de Légende-Toulon 2007
Q18674739,2,Landako Gunea
Q2558300,1,Photokina
Q625994,1,E3
Q83405,1,Münchenbryggeriet
Q618779,1,Kirby Awards
Q28869447,1,Kirby Awards
Q107655869,1,Kirby Awards
Q998672,1,London Book Fair
Q2948561,1,Expo Silesia
Q6881511,1,Expo Silesia
Q1497364,1,Poznań International Fair
Q163740,1,San Diego Comic-Con International
Q54872349,1,Brunei Darussalam International Defence Exhibition
Q3070220,1,Etna Comics
Q27968055,1,Q125999605
Q378427,1,SGDL Grand Prize for Poetry
Q59309547,1,SGDL Grand Prize for Poetry
Q1445650,1,Sechseläuten
Q8011595,1,Sechseläuten
Q132241,1,Fête de l'Humanité
Q15974353,1,Hirosaki Cherry Blossom Festival
Q64272108,1,Q11906199
Q11921906,1,"Gràcia Festival, Mahon"
Q262478,1,Salon of 1869
Q172754,53,Expo 58
Q57305,33,Paris Photo
Q667276,20,House of photography
Q1129398,19,Toulouse Game Show
Q2020153,9,I Congrés d'Història del País Valencià
Q15275719,7,New York Comic Con
Q1958056,3,New York Comic Con
Q59861107,3,Salon of 1869
Q1415084,3,Q113620696
Q43229,3,Exposition universelle et internationale de Liège
Q33506,2,House of photography
Q27410,2,Henry’s Show Center
Q1656682,2,Q113620696
Q11483816,2,Fanatics Fest
Q464980,2,Great Industrial Exposition of Berlin
Q1007870,2,Kant-Garage
Q2190251,2,Kant-Garage
Q1070669,2,Dubai Airshow
Q22698,1,Arte Sella
Q614316,1,Arte Sella
Q756102,1,Arte Sella
Q108860593,1,Arte Sella
Q262478,1,Salon of 1869
Q3070220,1,Etna Comics
Q27968055,1,Q125999605
Q163740,1,San Diego Comic-Con International
Q154012,1,Expo '90
Q124312714,1,Documenta 6
Q1666019,1,Gesellschaft für Aktuelle Kunst
Q29023906,1,Louisiana Purchase Exposition
Q27686,1,Kant-Garage
Q216107,1,Kant-Garage
Q18674739,1,Kant-Garage
Q1759852,1,Artscape Nordland
Q7328910,1,Artscape Nordland
Q1060829,1,Retretti
Q570116,1,National Museum of Archaeology
Q3329412,1,National Museum of Archaeology
Q182683,1,Biennial of Monza
Q389581,1,Biennial of Monza
Q2558300,1,Photokina
Q625994,1,E3
Q83405,1,Münchenbryggeriet
Q1378975,1,Münchenbryggeriet
Q1156329,1,Geneva International Motor Show
Q172754,53,Expo 58
Q57305,33,Paris Photo
Q667276,20,House of photography
Q1129398,19,Toulouse Game Show
Q2020153,9,I Congrés d'Història del País Valencià
Q15275719,7,New York Comic Con
Q1958056,3,New York Comic Con
Q59861107,3,Salon of 1869
Q1415084,3,Q113620696
Q43229,3,Exposition universelle et internationale de Liège
Q33506,2,House of photography
Q27410,2,Henry’s Show Center
Q1656682,2,Q113620696
Q11483816,2,Fanatics Fest
Q464980,2,Great Industrial Exposition of Berlin
Q1007870,2,Kant-Garage
Q2190251,2,Kant-Garage
Q1070669,2,Dubai Airshow
Q22698,1,Arte Sella
Q614316,1,Arte Sella
Q756102,1,Arte Sella
Q108860593,1,Arte Sella
Q262478,1,Salon of 1869
Q3070220,1,Etna Comics
Q27968055,1,Q125999605
Q163740,1,San Diego Comic-Con International
Q154012,1,Expo '90
Q124312714,1,Documenta 6
Q1666019,1,Gesellschaft für Aktuelle Kunst
Q29023906,1,Louisiana Purchase Exposition
Q27686,1,Kant-Garage
Q216107,1,Kant-Garage
Q18674739,1,Kant-Garage
Q1759852,1,Artscape Nordland
Q7328910,1,Artscape Nordland
Q1060829,1,Retretti
Q570116,1,National Museum of Archaeology
Q3329412,1,National Museum of Archaeology
Q182683,1,Biennial of Monza
Q389581,1,Biennial of Monza
Q2558300,1,Photokina
Q625994,1,E3
Q83405,1,Münchenbryggeriet
Q1378975,1,Münchenbryggeriet
Q1156329,1,Geneva International Motor Show
Q57305,56,Poznań International Fair
Q172754,42,Expo 2027
Q1129398,19,Q48842759
Q667276,13,Collection presentation XXXV : Narcisse Tordoir - The Pink Spy
Q11483816,6,Fanatics Fest
Q15275719,6,Gamescom
Q1070669,5,China International Aviation & Aerospace Exhibition
Q1792535,4,London Original Print Fair
Q29023906,3,Internationale Koloniale en Uitvoerhandel Tentoonstelling
Q464980,3,Great Industrial Exhibition
Q27410,2,Henry’s Show Center
Q59861107,2,Paris Photo
Q43229,2,Consumer Electronics Show
Q1156329,2,Geneva International Motor Show
Q288514,2,Paris Games Week
Q3062234,2,Internationale Koloniale en Uitvoerhandel Tentoonstelling
Q1497364,1,Poznań International Fair
Q2558300,1,Photokina
Q163740,1,San Diego Comic-Con International
Q625994,1,E3
Q83405,1,Münchenbryggeriet
Q1378975,1,Münchenbryggeriet
Q1656682,1,Electronic Entertainment Expo 2010
Q54872349,1,Brunei Darussalam International Defence Exhibition
Q262478,1,Salon of 1869
Q1958056,1,Etna Comics
Q3070220,1,Etna Comics
Q64728935,1,Expo 2027
Q1264834,1,Auer Dult
Q154012,1,Expo 2016
Q5853503,1,International Exhibition on Urbanism and Housing
Q57305,56,Paris Photo
Q172754,44,Panama–California Exposition
Q1129398,19,San Diego Comic-Con International
Q667276,8,Citadel of Pamplona
Q15275719,6,Gamescom
Q11483816,5,E3
Q1070669,5,Dubai Airshow
Q464980,3,Great Industrial Exhibition
Q59861107,2,Paris Photo
Q43229,2,Consumer Electronics Show
Q1156329,2,Geneva International Motor Show
Q288514,2,Paris Games Week
Q27410,2,Henry’s Show Center
Q3062234,2,Internationale Koloniale en Uitvoerhandel Tentoonstelling
Q2558300,1,Photokina
Q625994,1,E3
Q83405,1,Münchenbryggeriet
Q1378975,1,Münchenbryggeriet
Q1656682,1,Electronic Entertainment Expo 2010
Q54872349,1,Brunei Darussalam International Defence Exhibition
Q262478,1,Salon of 1869
Q1497364,1,Poznań International Fair
Q163740,1,San Diego Comic-Con International
Q29023906,1,Internationale Koloniale en Uitvoerhandel Tentoonstelling
Q154012,1,Expo 2016
Q5853503,1,International Exhibition on Urbanism and Housing
Q1958056,1,Etna Comics
Q3070220,1,Etna Comics
Q64728935,1,Expo 2027
Q12797,1,Citadel of Pamplona
Q22746,1,Citadel of Pamplona
Q88291,1,Citadel of Pamplona
Q4989906,1,Citadel of Pamplona
Q1445650,1,Sechseläuten
Q1472127,1,Sechseläuten
Q8011595,1,Sechseläuten
Q15900616,1,NordArt
Q124312714,1,Documenta 6
Q57305,119,Paris Photo
Q11483816,9,E3
Q15275719,7,Gamescom
Q1070669,6,Dubai Airshow
Q172754,6,Expo 2030
Q43229,4,Consumer Electronics Show
Q464980,4,Galician regional exhibition of 1880
Q29023906,4,Q127791264
Q1656682,3,Jakarta Fair
Q625994,2,E3
Q1378975,2,Münchenbryggeriet
Q1156329,2,Geneva International Motor Show
Q18674739,2,Landako Gunea
Q288514,2,Paris Games Week
Q27968055,2,Venus Berlin 2018
Q87479384,2,Electronic Entertainment Expo 2020
Q59861107,1,Paris Photo
Q2558300,1,Photokina
Q83405,1,Münchenbryggeriet
Q998672,1,London Book Fair
Q2948561,1,Expo Silesia
Q6881511,1,Expo Silesia
Q15116915,1,Viva Technology
Q1497364,1,Poznań International Fair
Q54872349,1,Brunei Darussalam International Defence Exhibition
Q29643002,1,Photo London
Q3070220,1,ARF! Festival
Q2020153,1,European RFMF Metabomeeting 2020
Q124735769,1,International Cargo Bike Festival Berlin 2018
Q41176,1,Feira Internacional de Lisboa
Q64728935,1,Expo 2027
Q856568,1,Bibliothekskongress 2022
Q17489659,1,Bibliothekskongress 2022
Q15893266,1,Q111364526
Q57305,38,Paris Photo
Q15275719,2,Gamescom
Q1070669,2,Dubai Airshow
Q59861107,1,Paris Photo
Q2558300,1,Photokina
Q625994,1,E3
Q11483816,1,E3
Q83405,1,Münchenbryggeriet
Q1378975,1,Münchenbryggeriet
Q43229,1,Consumer Electronics Show
Q1156329,1,Geneva International Motor Show
Q57305,30,New Energy Husum
Q15275719,4,Langkawi International Maritime and Aerospace Exhibition
Q27968055,2,Venus Berlin 2018
Q87479384,2,Electronic Entertainment Expo 2020
Q625994,2,Best International Games Festival
Q11483816,2,Best International Games Festival
Q2948561,1,Expo Silesia
Q6881511,1,Expo Silesia
Q1070669,1,Langkawi International Maritime and Aerospace Exhibition
Q29643002,1,Photo London
Q1656682,1,Q60668823
Q3070220,1,ARF! Festival
Q59861107,1,Paris Photo
Q2558300,1,Photokina
Q57305,119,Paris Photo
Q11483816,9,E3
Q15275719,7,Gamescom
Q1070669,6,Dubai Airshow
Q172754,6,Expo 2030
Q43229,4,Consumer Electronics Show
Q464980,4,Galician regional exhibition of 1880
Q29023906,4,Q127791264
Q1656682,3,Jakarta Fair
Q625994,2,E3
Q1378975,2,Münchenbryggeriet
Q1156329,2,Geneva International Motor Show
Q18674739,2,Landako Gunea
Q288514,2,Paris Games Week
Q27968055,2,Venus Berlin 2018
Q87479384,2,Electronic Entertainment Expo 2020
Q59861107,1,Paris Photo
Q2558300,1,Photokina
Q83405,1,Münchenbryggeriet
Q998672,1,London Book Fair
Q2948561,1,Expo Silesia
Q6881511,1,Expo Silesia
Q15116915,1,Viva Technology
Q1497364,1,Poznań International Fair
Q54872349,1,Brunei Darussalam International Defence Exhibition
Q29643002,1,Photo London
Q3070220,1,ARF! Festival
Q2020153,1,European RFMF Metabomeeting 2020
Q124735769,1,International Cargo Bike Festival Berlin 2018
Q41176,1,Feira Internacional de Lisboa
Q64728935,1,Expo 2027
Q856568,1,Bibliothekskongress 2022
Q17489659,1,Bibliothekskongress 2022
Q15893266,1,Q111364526
Q667276,130,The Eightees - A Decade of Extremes
Q57305,92,Langkawi International Maritime and Aerospace Exhibition
Q172754,54,Exposition Internationale d'Anvers 1894
Q29023906,16,Stray dog - Daido Moriyama - fotografie
Q2333621,14,Kansas State Fair
Q3062234,11,Oran Exposition
Q15275719,10,Langkawi International Maritime and Aerospace Exhibition
Q11483816,10,E3
Q1129398,10,San Diego Comic-Con International
Q27968055,8,1st Triennial Exhibition of Fine Arts in Milan
Q483279,7,Wikimania 2008
Q1070669,6,Langkawi International Maritime and Aerospace Exhibition
Q43229,6,Consumer Electronics Show
Q288514,6,Paris Games Week
Q464980,6,Galician regional exhibition of 1880
Q1656682,5,Electronic Entertainment Expo 2010
Q11906196,5,Aplec Excursionista dels Països Catalans
Q59861107,4,Paris Photo
Q1792535,4,National Art Fair
Q182683,4,Taipei Biennial
Q3010205,4,Logu i Bjeshkëve
Q163740,3,San Diego Comic-Con International
Q4801521,3,Millerntor Gallery
Q1378975,2,Münchenbryggeriet
Q1156329,2,Geneva International Motor Show
Q2948561,2,Expo Silesia
Q18674739,2,Landako Gunea
Q2328028,2,Ernest and Mary Hemingway House
Q3947,2,Ernest and Mary Hemingway House
Q132241,2,New Mexico State Fair
Q59309547,2,Premi Ciutat de Palma-Joan Alcover de Poesia en Català
Q47114558,2,"Canaletto in England. A Venetian Artist Abroad, 1746-1755"
Q1497364,1,Poznań International Fair
Q2558300,1,Photokina
Q625994,1,E3
Q83405,1,Münchenbryggeriet
Q54872349,1,Brunei Darussalam International Defence Exhibition
Q998672,1,London Book Fair
Q6881511,1,Expo Silesia
Q15116915,1,Viva Technology
Q780605,1,Lucas Cranach der Ältere. Meister - Marke - Moderne
Q115156410,1,Walking the dog-Lying on the sofa - Andreas Eriksson
Q856568,1,Bibliothekskongress 2022
Q17489659,1,Bibliothekskongress 2022
Q132510,1,Marché de la création Paris Montparnasse
Q40992016,1,Modenantiquaria
Q3918368,1,Expo Prado
Q154012,1,Expo '90
Q811979,1,Washington State Fair
Q11755880,1,Diktarhemmet
Q12797,1,Citadel of Pamplona
Q22746,1,Citadel of Pamplona
Q88291,1,Citadel of Pamplona
Q4989906,1,Citadel of Pamplona
Q15900616,1,NordArt
Q1007870,1,Chihuly Garden and Glass
Q2190251,1,Craft in the Bay
Q39919471,1,Craft in the Bay
Q389581,1,Echigo-Tsumari Art Triennial
Q124216082,1,Exhibition of National Portraits
Q55336815,1,Royal Academy Summer Exhibition
Q29642990,1,Savage Beauty
Q618779,1,Artes Mundi
Q14204246,1,Wikimania 2017
Q33506,1,Casa Masaccio
Q108860593,1,Casa Masaccio
Q124830213,1,Casa Masaccio
Q2293148,1,Internationaler Waldkunstpfad
Q2065736,1,"Sculpture exhibition in Children's Park, Ijevan"
Q5953202,1,Wikimania 2024
Q41176,1,Q66438649
Q57821,1,Q66438649
Q2658935,1,Logu i Bjeshkëve
Q200538,1,The Pharaohs' Golden Parade
Q657449,1,The Pharaohs' Golden Parade
Q64272108,1,Q11906199
Q99538912,1,4th Venice Biennale
