Q88205,602,Castrum Regulbium
Q14752696,264,Roman Theatre of Verulamium
Q34023,261,Barrow near E boundary of parish
Q8019,257,1982 British Grand Prix
Q839954,239,Roman Theatre of Verulamium
Q207694,182,Royal Academy of Arts
Q47345468,166,2013 Wimbledon Championships
Q11483816,106,Ideal Home Show
Q101659,99,Zennor Quoit
Q1584134,54,Ailey Hill
Q18536594,53,swimming at the 2012 Summer Olympics – women's 4 × 100 metre freestyle relay
Q848797,45,2010 Open Championship
Q811979,44,Ardoch Roman Fort
Q431569,44,1985 Pilkington Glass Championships
Q270907,43,2013 ATP World Tour Finals
Q26132862,43,athletics at the 2012 Summer Olympics
Q17431399,41,National Gallery
Q80962689,40,Duntocher Roman fort
Q89477,39,Duntocher Roman fort
Q288514,38,Ebernoe Horn Fair
Q80446812,34,Ailey Hill
Q59861107,32,London International Surrealist Exhibition
Q132241,32,Goodwood Festival of Speed
Q115154345,32,Kelvingrove Art Gallery and Museum
Q2990946,29,Irish Open
Q41520,28,2013 Wimbledon Championships
Q429896,27,2010 Women's British Open
Q868557,26,Edinburgh Festival
Q23413,26,Lanercost Bridge
Q2087181,24,Mount Stewart
Q27968043,22,Eurovision Dance Contest 2008
Q115154402,22,Royal Academy of Arts
Q101246533,22,1998 Rally GB
Q1656682,21,Centenary of the Armistice of 11 November 1918
Q658888,20,1998 Rally GB
Q3918368,20,Shropshire and West Midlands Show
Q33506,20,Museum of Transology
Q220505,20,BFI London Film Festival
Q1595639,20,Derby Museum and Art Gallery
Q695860,19,Blue cairn circle
Q464980,17,Franco-British Exhibition
Q20897549,17,Photo-Arts 2000
Q27020041,16,2010–11 Premier League
Q126683159,16,Photo-Arts 2000
Q126683136,16,Photo-Arts 2000
Q866133,15,Museum of Domestic Design and Architecture
Q625994,15,"Wesleyan Conference
Q5586875,15,Bangor Gorsedd Circle
Q16735822,15,Fitzwilliam Museum
Q108669279,15,Photo-Arts 2000
Q744099,14,Daw's Castle
Q57305,14,Farnborough Airshow
Q4801521,14,Brighton Festival
Q21752084,14,Two Roman forts and three sections of Roman road at Caermote
Q506424,13,1982 UCI Road World Championships
Q2046310,13,Gib Hill
Q1802963,13,Glan-llyn Urdd Camp
Q175331,13,2011 London anti-cuts protest
Q7157511,12,Faslane Peace Camp
Q51404,12,Pride London
Q41582469,12,Isle of Wight Festival 1970
Q368461,12,2014 Aegon Classic
Q2999429,12,1968 Aberavon Tournament
Q1970365,12,Hunterian Museum and Art Gallery
Q180997,12,Vikings' Mound
Q88034,11,Daw's Castle
Q667276,11,Royal Academy Summer Exhibition
Q358316,11,Carreg Coetan Arthur
Q15275719,11,UK Games Expo
Q7251589,10,Camp Bling
Q623109,10,British Basketball League
Q1067715,10,Open Data Camp 2019 (UK)
Q7994,9,1993 European Grand Prix
Q7864918,9,2013 South Shields by-election
Q5773747,9,Mount Stewart
Q4618,9,Notting Hill Carnival
Q24699794,9,Brighton Museum & Art Gallery
Q109623729,9,2007 UEFA Cup Final
Q107581410,9,Hampton Court Palace Flower Show
Q59134440,8,Premiership Rugby
Q486972,8,Slack Roman fort
Q44854,8,Frestonia
Q2772772,8,Derby Museum and Art Gallery
Q15991290,8,Premiership Rugby
Q15259995,8,Eastbourne International (men)
Q1413606,8,2006 World Rowing Championships
Q11269813,8,Cathole Cave
Q110288240,8,Eurovision Song Contest 2023
Q1062856,8,Centenary of the Armistice of 11 November 1918
Q92062,7,Castle Toll Saxon burgh and medieval fort
Q570116,7,Phantom Peak
Q5069563,7,St Lythans burial chamber
Q1414991,7,Cefn Brynich
Q80716240,6,2011 UEFA Champions League Final
Q72617071,6,Carncome Ogham Site
Q62018250,6,Glasgay! Festival
Q6139189,6,1973 World Rowing Junior Championships
Q58687420,6,Edinburgh Festival
Q57607,6,"Frankfurt Christmas Market
Q4931516,6,London Boat Show
Q3343298,6,Tate Modern
Q28057350,6,Glyndebourne Festival Opera
Q2668072,6,Museum of Transology
Q1935728,6,Rollright Stones
Q16510064,6,"athletics at the 2012 Summer Olympics – women's 10
Q15484785,6,Deepdale Hoard
Q136384550,6,Thames Diamond Jubilee Pageant
Q11924610,6,2021 British Grand Prix
Q104777120,6,Ianto's Shrine
Q998672,5,London Book Fair
Q969040,5,Photo-Arts 2000
Q876852,5,Glan-llyn Urdd Camp
Q856584,5,Brighton Museum & Art Gallery
Q7579839,5,Glan-llyn Urdd Camp
Q732997,5,BAFTA Award for Best Direction
Q7321974,5,"Clune Wood
Q70107186,5,cycling at the 2012 Summer Olympics – men's sprint
Q670265,5,National Eisteddfod of Wales
Q63442071,5,wedding of Prince William and Catherine Middleton
Q5509032,5,Photo-Arts 2000
Q38033430,5,BAFTA Award for Best Direction
Q3070310,5,Photo-Arts 2000
Q27968055,5,Wikimania 2014
Q273120,5,2009 G-20 London summit protests
Q2202509,5,Coria
Q2190251,5,Craft in the Bay
Q1966910,5,Royal Academy of Arts
Q17709182,5,Battle of Hastings reenactment
Q1759852,5,Barbara Hepworth Museum and Sculpture Garden
Q172754,5,North East Coast Exhibition
Q16884952,5,Barbara Hepworth Museum and Sculpture Garden
Q15206795,5,Warner Bros. Studio Tour London – The Making of Harry Potter
Q1435951,5,World Pasty Championships
Q13534286,5,2015 Aegon International
Q124757,5,1980 St Pauls riot
Q113162275,5,100 Club Punk Special
Q112522301,5,Great Dorset Steam Fair
Q1072326,5,4th European Political Community Summit
Q81672,4,poisoning of Sergei and Yulia Skripal
Q80838255,4,Gwersyll Rhufeinig Bargoed
Q74817647,4,Notting Hill Carnival
Q7062022,4,Whitechapel Gallery
Q65770283,4,2007 UEFA Cup Final
Q657449,4,Lord Mayor's Show
Q5759962,4,M11 link road protest
Q56320584,4,Llety'r Filiast
Q5495352,4,Our Greatest Team Parade
Q5151487,4,Glasgow International Comedy Festival
Q512129,4,1938 European Aquatics Championships
Q41253,4,Cornerhouse
Q39614,4,"Petty Knowes Roman Cemetery and Length of Dere Street Roman Road
Q3947,4,Mount Stewart
Q3531146,4,Barclodiad y Gawres
Q35145263,4,Lanercost Bridge
Q331211,4,Caudle Green mounds
Q3010369,4,2012 Summer Paralympics opening ceremony
Q27030941,4,Museum of Domestic Design and Architecture
Q24951540,4,"Worldcup 2018 Fan Zone
Q22938576,4,Ramsay Round
Q219538,4,Bremetennacum
Q19757,4,Roman Theatre of Verulamium
Q19609158,4,Battle of Cable Street
Q188443,4,Frestonia
Q1850936,4,Live Aid
Q1812889,4,First Provisional World Parliament
Q1751626,4,Edinburgh International Festival
Q17315159,4,1966 FIFA World Cup Final
Q16748868,4,Daw's Castle
Q15991303,4,National League
Q13930359,4,World Pipe Band Championships
Q13406554,4,Badminton Horse Trials
Q130192067,4,2012 Summer Olympics opening ceremony
Q1202402,4,Apsley House
Q117044541,4,2023 UCI Cycling World Championships
Q1141381,4,1999 IAAF World Cross Country Championships
Q112049379,4,The Mount
Q1070669,4,Farnborough Airshow
Q98562826,3,1991 Rugby World Cup Final
Q831942,3,Bricket Wood coven
Q80830021,3,"Antonine Wall
Q7567618,3,2011 South Kesteven District Council election
Q7321258,3,Roman barrow 380m north of Hill Farm
Q715044,3,athletics at the 2012 Summer Olympics
Q708676,3,Luton Carnival
Q70118615,3,cycling at the 1908 Summer Olympics – men's 100 kilometres
Q70107216,3,cycling at the 1908 Summer Olympics – men's team pursuit
Q67165238,3,King's Gallery
Q65037959,3,Forvie
Q585490,3,Llety'r Filiast
Q55647935,3,Phantom Peak
Q42948,3,"Housesteads fort
Q4048381,3,2001 Rockingham 500
Q40006041,3,"Round cairn with funerary chamber on Buzza Hill
Q3844310,3,Scottish National Gallery
Q3469910,3,Barbican Centre
Q3329663,3,Bethlem Royal Hospital Archives and Museum
Q3294251,3,Ailey Hill
Q3001412,3,2022 Grand National
Q28966115,3,47th G7 summit
Q27186004,3,Cambridge Poetry Festival
Q2699757,3,Fleet Lions Fireworks Fiesta 2012
Q26887310,3,1994–95 Reading F.C. season
Q26694763,3,2022 Laver Cup
Q2623547,3,Bicton Arena International 5*
Q24354,3,Barbican Centre
Q2416723,3,Phantom Peak
Q24050099,3,Goodwood Revival
Q23902005,3,Hay Festival
Q22672348,3,One & Other
Q2166202,3,2018 European Mountain Bike Championships
Q215380,3,Garsington Opera
Q20739115,3,39th G8 summit
Q2046325,3,"Two Roman forts
Q20437094,3,One & Other
Q2041702,3,1991 Dunhill Cup
Q19860854,3,Castra of Felixstowe
Q1958056,3,Conine
Q194029,3,Two Roman forts and three sections of Roman road at Caermote
Q18608583,3,British Grand Prix
Q1792535,3,London Original Print Fair
Q1785071,3,Castle Toll Saxon burgh and medieval fort
Q17015069,3,Phantom Peak
Q16986022,3,1937 Campbell Trophy
Q16970488,3,Kingsbury Castle
Q163740,3,National Eisteddfod of Wales
Q15631336,3,Jarrow March
Q153562,3,Garsington Opera
Q15091377,3,Lincoln Grand Prix
Q136995466,3,Understanding Society
Q136995447,3,Understanding Society
Q13454063,3,2012 Summer Paralympics closing ceremony
Q131560554,3,Brighton Museum & Art Gallery
Q1227249,3,poisoning of Sergei and Yulia Skripal
Q1198413,3,Y Pigwn Roman Camps
Q118499461,3,Q134821362
Q11783626,3,2017 World Championships in Athletics
Q114953,3,poisoning of Sergei and Yulia Skripal
Q1141321,3,2003 European Cross Country Championships
Q1138456,3,Women's World Chess Championship 1933
Q109607,3,Castrum Anderitum
Q1060829,3,Barbican Centre
Q102202066,3,Aesica
Q921099,2,Bwrdd y Tri Arglwydd
Q879050,2,Pitzhanger Manor
Q878123,2,Welsh 1000 m Peaks Race
Q861911,2,Appeal of 18 June
Q85475422,2,Hot Ice
Q841654,2,Tough Guy Competition
Q77133429,2,Cambridge Folk Festival
Q756780,2,Duroliponte
Q721931,2,Dylan Thomas' writing shed
Q720609,2,rowing at the 2012 Summer Olympics
Q70127327,2,cycling at the 1908 Summer Olympics – men's 660 yards
Q70127324,2,cycling at the 1908 Summer Olympics – men's 5000 metres
Q70127322,2,cycling at the 1908 Summer Olympics – men's 20 kilometres
Q70107279,2,cycling at the 2012 Summer Olympics – men's team sprint
Q70076469,2,cycling at the 1908 Summer Olympics – men's tandem
Q618779,2,Artes Mundi
Q57821,2,Whitley Castle
Q55336815,2,Royal Academy Summer Exhibition
Q5375483,2,Barrow and mortuary enclosure 1100m WNW of Octagon Farm: part of a Neolithic and Bronze Age mortuary complex
Q4504495,2,76th British Academy Film Awards
Q444456,2,Bristol International Balloon Fiesta
Q429399,2,Cowal Highland Gathering
Q3588250,2,2011 England riots
Q35509,2,Cathole Cave
Q35112127,2,Dylan Thomas' writing shed
Q3395377,2,Bwrdd y Tri Arglwydd
Q29643002,2,Photo London
Q2919327,2,Battersea Beer Festival
Q28314507,2,Open Data Camp 2018 (UK)
Q27556165,2,People and machines – co-creating with heritage collections
Q2634891,2,Stamp World London 1990
Q2351234,2,1958 Eisenhower Trophy
Q22733,2,Dylan Thomas' writing shed
Q22674925,2,Viroconium Cornoviorum
Q2210277,2,FIDE Grand Swiss Tournament 2019
Q1955280,2,World Pipe Band Championships
Q182683,2,Liverpool Biennial
Q1789999,2,Welsh 1000 m Peaks Race
Q17000320,2,Victoria and Albert Museum
Q166118,2,Bolton Museum
Q1568283,2,"Outerwards
Q1497364,2,Saint Patrick Visitor Centre
Q135976384,2,2012 Summer Olympics
Q129598636,2,Manchester Pride
Q129292,2,2010 European Mixed Curling Championship
Q127933,2,Abergavenny fireworks display
Q12708896,2,1966 FIFA World Cup Final
Q1200701,2,Victoria and Albert Museum
Q116287138,2,2013–14 Premiership Rugby
Q1156329,2,2013 Heskin Hall Steam Fair
Q114609228,2,FIDE Grand Swiss Tournament 2019
Q1129398,2,MCM London Comic Con
Q1079023,2,World Pipe Band Championships
Q107540719,2,UEFA Euro 1996
Q94998068,1,2012 Summer Olympics closing ceremony
Q7888355,1,2021 United Nations Climate Change Conference
Q779239,1,Radio Atlántico del Sur
Q763590,1,Tomen y Mur
Q7579940,1,2008 UEFA Cup Final riots
Q7281191,1,Radio Atlántico del Sur
Q725169,1,2018 IAAF World Indoor Championships
Q64272108,1,Féile an Phobail
Q639244,1,2008 UCI Track Cycling World Championships
Q5739135,1,Museum of Wigan Life
Q53706,1,2011 England riots
Q511866,1,Battle of Bamber Bridge
Q50843310,1,2022 Billie Jean King Cup Finals
Q483279,1,Wikimania 2014
Q478515,1,Royal Caledonian Ball
Q47443726,1,Wimbledon Championships
Q464122,1,coronation of Charles III and Camilla
Q43229,1,Britain Yearly Meeting
Q39919471,1,Craft in the Bay
Q381977,1,Kielder Forest Star Camp
Q327541,1,2011 England riots
Q3062234,1,British Empire Exhibition
Q270163,1,tennis at the 2012 Summer Olympics
Q2441722,1,Royal Caledonian Ball
Q215677,1,Royal Parks Foundation Half Marathon
Q192623,1,2011 England riots
Q182832,1,Queen live in Hyde Park 1976
Q182653,1,2017 World Championships in Athletics
Q1778788,1,National Survey of Health & Development
Q1759167,1,Dylan Thomas' writing shed
Q17024704,1,Transatlantic Trophy
Q164099,1,Hoxne treasure
Q157031,1,Henry Moore Foundation
Q1482264,1,Britain Yearly Meeting
Q14350,1,Radio Atlántico del Sur
Q1366722,1,2022 Billie Jean King Cup Finals
Q13634374,1,Battle of Bamber Bridge
Q13156702,1,Royal Edinburgh Military Tattoo
Q131087460,1,Bristol International Kite Festival
Q1298668,1,National Survey of Health & Development
Q1261214,1,The Freddie Mercury Tribute Concert for AIDS Awareness
Q12433046,1,Strageath
Q120804029,1,Barrow group 200m north-east of Woodman's Cross
Q114608872,1,Wimbledon Championships
Q1123217,1,lacrosse at the 1948 Summer Olympics
Q108886259,1,British Grand Prix
Q1052001,1,"funeral of Diana
Q1007870,1,British Institution
p31_qid,total_count,example_title
